<?xml version="1.0" encoding="UTF-8" ?>
<!DOCTYPE mapper
PUBLIC "-//mybatis.org//DTD Mapper 3.0//EN"
"http://mybatis.org/dtd/mybatis-3-mapper.dtd">
<mapper namespace="com.ruoyi.system.mapper.StudentMapper">
    
    <resultMap type="Student" id="StudentResult">
        <result property="id"    column="Id"    />
        <result property="name"    column="name"    />
        <result property="sex"    column="sex"    />
        <result property="age"    column="age"    />
    </resultMap>

    <sql id="selectStudentVo">
        select Id, name, sex, age from student
    </sql>

    <select id="selectStudentList" parameterType="Student" resultMap="StudentResult">
        <include refid="selectStudentVo"/>
        <where>  
            <if test="name != null  and name != ''"> and name like concat('%', #{name}, '%')</if>
            <if test="sex != null  and sex != ''"> and sex = #{sex}</if>
            <if test="age != null "> and age = #{age}</if>
        </where>
    </select>
    
    <select id="selectStudentById" parameterType="Long" resultMap="StudentResult">
        <include refid="selectStudentVo"/>
        where Id = #{id}
    </select>
        
    <insert id="insertStudent" parameterType="Student" useGeneratedKeys="true" keyProperty="id">
        insert into student
        <trim prefix="(" suffix=")" suffixOverrides=",">
            <if test="name != null">name,</if>
            <if test="sex != null">sex,</if>
            <if test="age != null">age,</if>
         </trim>
        <trim prefix="values (" suffix=")" suffixOverrides=",">
            <if test="name != null">#{name},</if>
            <if test="sex != null">#{sex},</if>
            <if test="age != null">#{age},</if>
         </trim>
    </insert>

    <update id="updateStudent" parameterType="Student">
        update student
        <trim prefix="SET" suffixOverrides=",">
            <if test="name != null">name = #{name},</if>
            <if test="sex != null">sex = #{sex},</if>
            <if test="age != null">age = #{age},</if>
        </trim>
        where Id = #{id}
    </update>

    <delete id="deleteStudentById" parameterType="Long">
        delete from student where Id = #{id}
    </delete>

    <delete id="deleteStudentByIds" parameterType="String">
        delete from student where Id in 
        <foreach item="id" collection="array" open="(" separator="," close=")">
            #{id}
        </foreach>
    </delete>
</mapper>